[
    {
        "id": "1",
        "no": "metv6",
        "pos": "0",
        "no_order": "1",
        "type": "1",
        "style": "3",
        "selectd": "",
        "name": "met_head",
        "value": "",
        "defaultvalue": "",
        "valueinfo": "顶部设置",
        "tips": "",
        "lang": "cn",
        "bigclass": "0",
        "sub": [
            {
                "id": "2",
                "no": "metv6",
                "pos": "0",
                "no_order": "4",
                "type": "4",
                "style": "3",
                "selectd": "$M$开启$T$1$M$关闭$T$0",
                "name": "navbullet_ok",
                "value": "1",
                "defaultvalue": "1",
                "valueinfo": "下拉动画",
                "tips": "",
                "lang": "cn",
                "bigclass": "1"
            },
            {
                "id": "3",
                "no": "metv6",
                "pos": "0",
                "no_order": "7",
                "type": "4",
                "style": "3",
                "selectd": "$M$头部$T$1$M$底部$T$0",
                "name": "langlist_position",
                "value": "1",
                "defaultvalue": "1",
                "valueinfo": "多语言位置",
                "tips": "",
                "lang": "cn",
                "bigclass": "1"
            },
            {
                "id": "4",
                "no": "metv6",
                "pos": "0",
                "no_order": "2",
                "type": "4",
                "style": "3",
                "selectd": "$M$开启$T$1$M$关闭$T$0",
                "name": "navbarok",
                "value": "1",
                "defaultvalue": "1",
                "valueinfo": "下拉菜单",
                "tips": "",
                "lang": "cn",
                "bigclass": "1"
            },
            {
                "id": "5",
                "no": "metv6",
                "pos": "0",
                "no_order": "5",
                "type": "2",
                "style": "3",
                "selectd": "",
                "name": "all",
                "value": "全部",
                "defaultvalue": "全部",
                "valueinfo": "下拉菜单全部",
                "tips": "仅在手机端显示",
                "lang": "cn",
                "bigclass": "1"
            },
            {
                "id": "6",
                "no": "metv6",
                "pos": "0",
                "no_order": "3",
                "type": "2",
                "style": "3",
                "selectd": "",
                "name": "nav_ml",
                "value": "10",
                "defaultvalue": "10",
                "valueinfo": "导航间距",
                "tips": "默认是0，仅支持5的倍数（0\/5\/10\/15\/20...最大50）<br\/>不同网站的导航数量不同，根据需求适当调整间距，让网站更协调。",
                "lang": "cn",
                "bigclass": "1"
            },
            {
                "id": "7",
                "no": "metv6",
                "pos": "0",
                "no_order": "8",
                "type": "4",
                "style": "3",
                "selectd": "$M$开启$T$1$M$关闭$T$0",
                "name": "langlist1_icon_ok",
                "value": "1",
                "defaultvalue": "1",
                "valueinfo": "语言国旗开关",
                "tips": "",
                "lang": "cn",
                "bigclass": "1"
            },
            {
                "id": "8",
                "no": "metv6",
                "pos": "0",
                "no_order": "6",
                "type": "4",
                "style": "3",
                "selectd": "$M$鼠标经过$T$1$M$点击展开$T$0",
                "name": "navhoverok",
                "value": "1",
                "defaultvalue": "1",
                "valueinfo": "下拉方式",
                "tips": "",
                "lang": "cn",
                "bigclass": "1"
            }
        ]
    },
    {
        "id": "9",
        "no": "metv6",
        "pos": "1",
        "no_order": "1",
        "type": "1",
        "style": "3",
        "selectd": "",
        "name": "met_index_news",
        "value": "",
        "defaultvalue": "",
        "valueinfo": "首页新闻区块",
        "tips": "",
        "lang": "cn",
        "bigclass": "0",
        "sub": [
            {
                "id": "10",
                "no": "metv6",
                "pos": "1",
                "no_order": "6",
                "type": "4",
                "style": "3",
                "selectd": "$M$全部$T$all$M$推荐$T$com",
                "name": "home_news_type",
                "value": "",
                "defaultvalue": "all",
                "valueinfo": "调用类型",
                "tips": "",
                "lang": "cn",
                "bigclass": "9"
            },
            {
                "id": "11",
                "no": "metv6",
                "pos": "1",
                "no_order": "7",
                "type": "2",
                "style": "3",
                "selectd": "",
                "name": "home_news_more",
                "value": "",
                "defaultvalue": "MOER",
                "valueinfo": "更多文字",
                "tips": "",
                "lang": "cn",
                "bigclass": "9"
            },
            {
                "id": "12",
                "no": "metv6",
                "pos": "1",
                "no_order": "4",
                "type": "6",
                "style": "3",
                "selectd": "",
                "name": "home_news3",
                "value": "",
                "defaultvalue": "3",
                "valueinfo": "新闻区块三",
                "tips": "调用当前栏目的内容列表",
                "lang": "cn",
                "bigclass": "9"
            },
            {
                "id": "13",
                "no": "metv6",
                "pos": "1",
                "no_order": "2",
                "type": "6",
                "style": "3",
                "selectd": "",
                "name": "home_news1",
                "value": "",
                "defaultvalue": "4",
                "valueinfo": "新闻区块一",
                "tips": "调用当前栏目的内容列表",
                "lang": "cn",
                "bigclass": "9"
            },
            {
                "id": "14",
                "no": "metv6",
                "pos": "1",
                "no_order": "3",
                "type": "6",
                "style": "3",
                "selectd": "",
                "name": "home_news2",
                "value": "",
                "defaultvalue": "5",
                "valueinfo": "新闻区块二",
                "tips": "调用当前栏目的内容列表",
                "lang": "cn",
                "bigclass": "9"
            },
            {
                "id": "15",
                "no": "metv6",
                "pos": "1",
                "no_order": "5",
                "type": "2",
                "style": "3",
                "selectd": "",
                "name": "home_news_num",
                "value": "",
                "defaultvalue": "5",
                "valueinfo": "调用条数",
                "tips": "",
                "lang": "cn",
                "bigclass": "9"
            }
        ]
    },
    {
        "id": "16",
        "no": "metv6",
        "pos": "0",
        "no_order": "25",
        "type": "1",
        "style": "3",
        "selectd": "",
        "name": "banner",
        "value": "",
        "defaultvalue": "",
        "valueinfo": "banner设置",
        "tips": "",
        "lang": "cn",
        "bigclass": "0",
        "sub": [
            {
                "id": "17",
                "no": "metv6",
                "pos": "0",
                "no_order": "27",
                "type": "9",
                "style": "3",
                "selectd": "",
                "name": "page_top_bgcolor",
                "value": "",
                "defaultvalue": "#ccc",
                "valueinfo": "内页无banner背景色",
                "tips": "",
                "lang": "cn",
                "bigclass": "16"
            },
            {
                "id": "18",
                "no": "metv6",
                "pos": "0",
                "no_order": "28",
                "type": "9",
                "style": "3",
                "selectd": "",
                "name": "bannersub_color",
                "value": "",
                "defaultvalue": "#fff",
                "valueinfo": "内页无banner字体色",
                "tips": "",
                "lang": "cn",
                "bigclass": "16"
            },
            {
                "id": "19",
                "no": "metv6",
                "pos": "0",
                "no_order": "26",
                "type": "4",
                "style": "3",
                "selectd": "$M$提示$T$1",
                "name": "info",
                "value": "",
                "defaultvalue": "1",
                "valueinfo": "提示",
                "tips": "此banner是图片不适合设置高度，如果觉得banner尺寸不合适请更换banner尺寸",
                "lang": "cn",
                "bigclass": "16"
            }
        ]
    },
    {
        "id": "20",
        "no": "metv6",
        "pos": "3",
        "no_order": "22",
        "type": "1",
        "style": "3",
        "selectd": "",
        "name": "product_bar",
        "value": "",
        "defaultvalue": "",
        "valueinfo": "产品模块侧边栏",
        "tips": "",
        "lang": "cn",
        "bigclass": "0",
        "sub": [
            {
                "id": "21",
                "no": "metv6",
                "pos": "3",
                "no_order": "24",
                "type": "2",
                "style": "3",
                "selectd": "",
                "name": "product_sidebar_piclist_num",
                "value": "",
                "defaultvalue": "5",
                "valueinfo": "调用条数",
                "tips": "",
                "lang": "cn",
                "bigclass": "20"
            },
            {
                "id": "22",
                "no": "metv6",
                "pos": "3",
                "no_order": "25",
                "type": "4",
                "style": "3",
                "selectd": "$M$全部$T$all$M$推荐$T$com",
                "name": "product_sidebar_piclist_type",
                "value": "",
                "defaultvalue": "com",
                "valueinfo": "调用类型",
                "tips": "",
                "lang": "cn",
                "bigclass": "20"
            },
            {
                "id": "23",
                "no": "metv6",
                "pos": "3",
                "no_order": "23",
                "type": "2",
                "style": "3",
                "selectd": "",
                "name": "product_sidebar_piclist_title",
                "value": "",
                "defaultvalue": "热门推荐",
                "valueinfo": "区块标题",
                "tips": "",
                "lang": "cn",
                "bigclass": "20"
            }
        ]
    },
    {
        "id": "24",
        "no": "metv6",
        "pos": "3",
        "no_order": "15",
        "type": "1",
        "style": "3",
        "selectd": "",
        "name": "img_bar",
        "value": "",
        "defaultvalue": "",
        "valueinfo": "图片模块侧边栏",
        "tips": "",
        "lang": "cn",
        "bigclass": "0",
        "sub": [
            {
                "id": "25",
                "no": "metv6",
                "pos": "3",
                "no_order": "21",
                "type": "4",
                "style": "3",
                "selectd": "$M$开启$T$1$M$关闭$T$0",
                "name": "img_column3_ok",
                "value": "",
                "defaultvalue": "1",
                "valueinfo": "三级栏目开关",
                "tips": "",
                "lang": "cn",
                "bigclass": "24"
            },
            {
                "id": "26",
                "no": "metv6",
                "pos": "3",
                "no_order": "20",
                "type": "4",
                "style": "3",
                "selectd": "$M$开启$T$1$M$关闭$T$0",
                "name": "imgbar_column_open",
                "value": "",
                "defaultvalue": "1",
                "valueinfo": "侧栏栏目开关",
                "tips": "",
                "lang": "cn",
                "bigclass": "24"
            },
            {
                "id": "27",
                "no": "metv6",
                "pos": "3",
                "no_order": "19",
                "type": "2",
                "style": "3",
                "selectd": "",
                "name": "img_bar_list_num",
                "value": "",
                "defaultvalue": "5",
                "valueinfo": "侧栏列表图片数量",
                "tips": "",
                "lang": "cn",
                "bigclass": "24"
            },
            {
                "id": "28",
                "no": "metv6",
                "pos": "3",
                "no_order": "17",
                "type": "2",
                "style": "3",
                "selectd": "",
                "name": "img_bar_list_title",
                "value": "",
                "defaultvalue": "为您推荐",
                "valueinfo": "侧栏图片列表标题",
                "tips": "",
                "lang": "cn",
                "bigclass": "24"
            },
            {
                "id": "29",
                "no": "metv6",
                "pos": "3",
                "no_order": "16",
                "type": "4",
                "style": "3",
                "selectd": "$M$开启$T$1$M$关闭$T$0",
                "name": "img_bar_list_open",
                "value": "",
                "defaultvalue": "1",
                "valueinfo": "侧栏图片列表开关",
                "tips": "",
                "lang": "cn",
                "bigclass": "24"
            },
            {
                "id": "30",
                "no": "metv6",
                "pos": "3",
                "no_order": "18",
                "type": "4",
                "style": "3",
                "selectd": "$M$全部$T$all$M$推荐$T$com",
                "name": "img_bar_list_type",
                "value": "",
                "defaultvalue": "com",
                "valueinfo": "侧栏列表图片类型",
                "tips": "",
                "lang": "cn",
                "bigclass": "24"
            }
        ]
    },
    {
        "id": "31",
        "no": "metv6",
        "pos": "0",
        "no_order": "17",
        "type": "1",
        "style": "3",
        "selectd": "",
        "name": "global",
        "value": "",
        "defaultvalue": "",
        "valueinfo": "全局参数",
        "tips": "",
        "lang": "cn",
        "bigclass": "0",
        "sub": [
            {
                "id": "32",
                "no": "metv6",
                "pos": "0",
                "no_order": "19",
                "type": "2",
                "style": "3",
                "selectd": "",
                "name": "page_ajax_next",
                "value": "加载更多",
                "defaultvalue": "加载更多",
                "valueinfo": "分页文字",
                "tips": "无刷新分页默认文字",
                "lang": "cn",
                "bigclass": "31"
            },
            {
                "id": "33",
                "no": "metv6",
                "pos": "0",
                "no_order": "20",
                "type": "2",
                "style": "3",
                "selectd": "",
                "name": "nodata",
                "value": "没有数据了",
                "defaultvalue": "没有数据了",
                "valueinfo": "无数据提示",
                "tips": "",
                "lang": "cn",
                "bigclass": "31"
            },
            {
                "id": "34",
                "no": "metv6",
                "pos": "0",
                "no_order": "22",
                "type": "9",
                "style": "3",
                "selectd": "",
                "name": "first_color",
                "value": "#ba1111",
                "defaultvalue": "#000000",
                "valueinfo": "模板主色调",
                "tips": "",
                "lang": "cn",
                "bigclass": "31"
            },
            {
                "id": "35",
                "no": "metv6",
                "pos": "0",
                "no_order": "21",
                "type": "2",
                "style": "3",
                "selectd": "",
                "name": "search_placeholder",
                "value": "请输入内容关键词1",
                "defaultvalue": "请输入内容关键词",
                "valueinfo": "搜索文字",
                "tips": "",
                "lang": "cn",
                "bigclass": "31"
            },
            {
                "id": "36",
                "no": "metv6",
                "pos": "0",
                "no_order": "23",
                "type": "4",
                "style": "3",
                "selectd": "当前窗口打开$T$_self$M$新窗口打开$T$_blank$M$",
                "name": "met_listurlblank",
                "value": "_blank",
                "defaultvalue": "_self",
                "valueinfo": "页面链接",
                "tips": "",
                "lang": "cn",
                "bigclass": "31"
            },
            {
                "id": "37",
                "no": "metv6",
                "pos": "0",
                "no_order": "18",
                "type": "2",
                "style": "3",
                "selectd": "",
                "name": "sub_all",
                "value": "全部",
                "defaultvalue": "全部",
                "valueinfo": "页面文字",
                "tips": "",
                "lang": "cn",
                "bigclass": "31"
            },
            {
                "id": "802",
                "no": "metv6",
                "pos": "0",
                "no_order": "24",
                "type": "2",
                "style": "3",
                "selectd": "",
                "name": "font_family",
                "value": "",
                "defaultvalue": "",
                "valueinfo": "页面字体",
                "tips": "非特殊语种，建议留空使用模板默认字体",
                "lang": "cn",
                "bigclass": "31"
            }
        ]
    },
    {
        "id": "38",
        "no": "metv6",
        "pos": "0",
        "no_order": "9",
        "type": "1",
        "style": "3",
        "selectd": "",
        "name": "met_position",
        "value": "",
        "defaultvalue": "",
        "valueinfo": "当前位置",
        "tips": "",
        "lang": "cn",
        "bigclass": "0",
        "sub": [
            {
                "id": "39",
                "no": "metv6",
                "pos": "0",
                "no_order": "10",
                "type": "2",
                "style": "3",
                "selectd": "",
                "name": "position_text",
                "value": "",
                "defaultvalue": "你的位置",
                "valueinfo": "当前位置标题",
                "tips": "",
                "lang": "cn",
                "bigclass": "38"
            },
            {
                "id": "40",
                "no": "metv6",
                "pos": "0",
                "no_order": "11",
                "type": "4",
                "style": "3",
                "selectd": "$M$开启$T$1$M$关闭$T$0",
                "name": "tagshow_1",
                "value": "",
                "defaultvalue": "1",
                "valueinfo": "区域开关",
                "tips": "",
                "lang": "cn",
                "bigclass": "38"
            }
        ]
    },
    {
        "id": "41",
        "no": "metv6",
        "pos": "2",
        "no_order": "7",
        "type": "1",
        "style": "3",
        "selectd": "",
        "name": "subcolumn_nav",
        "value": "",
        "defaultvalue": "",
        "valueinfo": "子栏目设置",
        "tips": "",
        "lang": "cn",
        "bigclass": "0",
        "sub": [
            {
                "id": "42",
                "no": "metv6",
                "pos": "2",
                "no_order": "8",
                "type": "4",
                "style": "3",
                "selectd": "$M$开启$T$1$M$关闭$T$0",
                "name": "tagshow_2",
                "value": "",
                "defaultvalue": "1",
                "valueinfo": "区块开关",
                "tips": "",
                "lang": "cn",
                "bigclass": "41"
            }
        ]
    },
    {
        "id": "43",
        "no": "metv6",
        "pos": "2",
        "no_order": "3",
        "type": "1",
        "style": "3",
        "selectd": "",
        "name": "met_img",
        "value": "",
        "defaultvalue": "",
        "valueinfo": "图片模块",
        "tips": "",
        "lang": "cn",
        "bigclass": "0",
        "sub": []
    },
    {
        "id": "45",
        "no": "metv6",
        "pos": "2",
        "no_order": "5",
        "type": "1",
        "style": "3",
        "selectd": "",
        "name": "met_job",
        "value": "",
        "defaultvalue": "",
        "valueinfo": "招聘模块",
        "tips": "",
        "lang": "cn",
        "bigclass": "0",
        "sub": [
            {
                "id": "46",
                "no": "metv6",
                "pos": "2",
                "no_order": "6",
                "type": "2",
                "style": "3",
                "selectd": "",
                "name": "cvtitle",
                "value": "",
                "defaultvalue": "在线应聘",
                "valueinfo": "按钮文字",
                "tips": "",
                "lang": "cn",
                "bigclass": "45"
            }
        ]
    },
    {
        "id": "47",
        "no": "metv6",
        "pos": "3",
        "no_order": "8",
        "type": "1",
        "style": "3",
        "selectd": "",
        "name": "downlaod_bar",
        "value": "",
        "defaultvalue": "",
        "valueinfo": "下载模块侧边栏",
        "tips": "",
        "lang": "cn",
        "bigclass": "0",
        "sub": [
            {
                "id": "48",
                "no": "metv6",
                "pos": "3",
                "no_order": "9",
                "type": "2",
                "style": "3",
                "selectd": "",
                "name": "download_bar_list_title",
                "value": "",
                "defaultvalue": "为你推荐",
                "valueinfo": "侧栏下载列表标题",
                "tips": "",
                "lang": "cn",
                "bigclass": "47"
            },
            {
                "id": "49",
                "no": "metv6",
                "pos": "3",
                "no_order": "10",
                "type": "2",
                "style": "3",
                "selectd": "",
                "name": "sidebar_downloadlist_num",
                "value": "",
                "defaultvalue": "5",
                "valueinfo": "侧栏下载列表数量",
                "tips": "",
                "lang": "cn",
                "bigclass": "47"
            },
            {
                "id": "50",
                "no": "metv6",
                "pos": "3",
                "no_order": "12",
                "type": "4",
                "style": "3",
                "selectd": "$M$开启$T$1$M$关闭$T$0",
                "name": "download_column3_ok",
                "value": "",
                "defaultvalue": "1",
                "valueinfo": "三级栏目开关",
                "tips": "",
                "lang": "cn",
                "bigclass": "47"
            },
            {
                "id": "51",
                "no": "metv6",
                "pos": "3",
                "no_order": "11",
                "type": "4",
                "style": "3",
                "selectd": "$M$全部$T$all$M$推荐$T$com",
                "name": "download_bar_list_type",
                "value": "",
                "defaultvalue": "com",
                "valueinfo": "侧栏列表下载类型",
                "tips": "",
                "lang": "cn",
                "bigclass": "47"
            },
            {
                "id": "52",
                "no": "metv6",
                "pos": "3",
                "no_order": "14",
                "type": "4",
                "style": "3",
                "selectd": "$M$开启$T$1$M$关闭$T$0",
                "name": "sidebar_downloadlist_ok",
                "value": "",
                "defaultvalue": "1",
                "valueinfo": "侧栏文章列表开关",
                "tips": "",
                "lang": "cn",
                "bigclass": "47"
            },
            {
                "id": "53",
                "no": "metv6",
                "pos": "3",
                "no_order": "13",
                "type": "4",
                "style": "3",
                "selectd": "$M$开启$T$1$M$关闭$T$0",
                "name": "downloadsidebar_column_ok",
                "value": "",
                "defaultvalue": "1",
                "valueinfo": "侧栏栏目开关",
                "tips": "",
                "lang": "cn",
                "bigclass": "47"
            }
        ]
    },
    {
        "id": "54",
        "no": "metv6",
        "pos": "2",
        "no_order": "9",
        "type": "1",
        "style": "3",
        "selectd": "",
        "name": "met_news",
        "value": "",
        "defaultvalue": "",
        "valueinfo": "文章模块",
        "tips": "",
        "lang": "cn",
        "bigclass": "0",
        "sub": [
            {
                "id": "55",
                "no": "metv6",
                "pos": "2",
                "no_order": "10",
                "type": "4",
                "style": "3",
                "selectd": "$M$开启$T$1$M$关闭$T$0",
                "name": "news_imgok",
                "value": "",
                "defaultvalue": "1",
                "valueinfo": "图片开关",
                "tips": "",
                "lang": "cn",
                "bigclass": "54"
            }
        ]
    },
    {
        "id": "56",
        "no": "metv6",
        "pos": "0",
        "no_order": "12",
        "type": "1",
        "style": "3",
        "selectd": "",
        "name": "met_foot",
        "value": "",
        "defaultvalue": "",
        "valueinfo": "底部设置",
        "tips": "",
        "lang": "cn",
        "bigclass": "0",
        "sub": [
            {
                "id": "57",
                "no": "metv6",
                "pos": "0",
                "no_order": "16",
                "type": "4",
                "style": "3",
                "selectd": "$M$开启$T$1$M$关闭$T$0",
                "name": "cn1_ok",
                "value": "",
                "defaultvalue": "1",
                "valueinfo": "简繁体切换开关",
                "tips": "",
                "lang": "cn",
                "bigclass": "56"
            },
            {
                "id": "58",
                "no": "metv6",
                "pos": "0",
                "no_order": "14",
                "type": "2",
                "style": "3",
                "selectd": "",
                "name": "footlink_title",
                "value": "",
                "defaultvalue": "友情链接",
                "valueinfo": "友情链接标题",
                "tips": "",
                "lang": "cn",
                "bigclass": "56"
            },
            {
                "id": "59",
                "no": "metv6",
                "pos": "0",
                "no_order": "13",
                "type": "4",
                "style": "3",
                "selectd": "$M$开启$T$1$M$关闭$T$0",
                "name": "link_ok",
                "value": "",
                "defaultvalue": "1",
                "valueinfo": "友情链接开关",
                "tips": "",
                "lang": "cn",
                "bigclass": "56"
            },
            {
                "id": "60",
                "no": "metv6",
                "pos": "0",
                "no_order": "15",
                "type": "4",
                "style": "3",
                "selectd": "$M$底部$T$0$M$顶部$T$1",
                "name": "cn1_position",
                "value": "",
                "defaultvalue": "0",
                "valueinfo": "简繁体切换按钮位置",
                "tips": "",
                "lang": "cn",
                "bigclass": "56"
            }
        ]
    },
    {
        "id": "61",
        "no": "metv6",
        "pos": "3",
        "no_order": "1",
        "type": "1",
        "style": "3",
        "selectd": "",
        "name": "news_bar",
        "value": "",
        "defaultvalue": "",
        "valueinfo": "文章模块侧边栏",
        "tips": "",
        "lang": "cn",
        "bigclass": "0",
        "sub": [
            {
                "id": "62",
                "no": "metv6",
                "pos": "3",
                "no_order": "7",
                "type": "4",
                "style": "3",
                "selectd": "$M$全部$T$all$M$推荐$T$com",
                "name": "news_bar_list_type",
                "value": "",
                "defaultvalue": "com",
                "valueinfo": "侧栏列表文章类型",
                "tips": "",
                "lang": "cn",
                "bigclass": "61"
            },
            {
                "id": "63",
                "no": "metv6",
                "pos": "3",
                "no_order": "6",
                "type": "2",
                "style": "3",
                "selectd": "",
                "name": "news_bar_list_num",
                "value": "",
                "defaultvalue": "5",
                "valueinfo": "侧栏列表文章数量",
                "tips": "",
                "lang": "cn",
                "bigclass": "61"
            },
            {
                "id": "64",
                "no": "metv6",
                "pos": "3",
                "no_order": "2",
                "type": "4",
                "style": "3",
                "selectd": "$M$开启$T$1$M$关闭$T$0",
                "name": "bar_column3_open",
                "value": "",
                "defaultvalue": "1",
                "valueinfo": "三级栏目开关",
                "tips": "除开产品模块以外的侧栏",
                "lang": "cn",
                "bigclass": "61"
            },
            {
                "id": "65",
                "no": "metv6",
                "pos": "3",
                "no_order": "4",
                "type": "4",
                "style": "3",
                "selectd": "$M$开启$T$1$M$关闭$T$0",
                "name": "news_bar_list_open",
                "value": "",
                "defaultvalue": "1",
                "valueinfo": "侧栏文章列表开关",
                "tips": "",
                "lang": "cn",
                "bigclass": "61"
            },
            {
                "id": "66",
                "no": "metv6",
                "pos": "3",
                "no_order": "3",
                "type": "4",
                "style": "3",
                "selectd": "$M$开启$T$1$M$关闭$T$0",
                "name": "bar_column_open",
                "value": "",
                "defaultvalue": "1",
                "valueinfo": "侧栏栏目开关",
                "tips": "除开产品模块以外的侧栏",
                "lang": "cn",
                "bigclass": "61"
            },
            {
                "id": "67",
                "no": "metv6",
                "pos": "3",
                "no_order": "5",
                "type": "2",
                "style": "3",
                "selectd": "",
                "name": "news_bar_list_title",
                "value": "",
                "defaultvalue": "为您推荐",
                "valueinfo": "侧栏文章列表标题",
                "tips": "",
                "lang": "cn",
                "bigclass": "61"
            }
        ]
    },
    {
        "id": "68",
        "no": "metv6",
        "pos": "2",
        "no_order": "1",
        "type": "1",
        "style": "3",
        "selectd": "",
        "name": "met_download",
        "value": "",
        "defaultvalue": "",
        "valueinfo": "下载模块",
        "tips": "",
        "lang": "cn",
        "bigclass": "0",
        "sub": [
            {
                "id": "69",
                "no": "metv6",
                "pos": "2",
                "no_order": "2",
                "type": "2",
                "style": "3",
                "selectd": "",
                "name": "download",
                "value": "",
                "defaultvalue": "立即下载",
                "valueinfo": "按钮文字",
                "tips": "",
                "lang": "cn",
                "bigclass": "68"
            }
        ]
    },
    {
        "id": "279",
        "no": "metv6",
        "pos": "0",
        "no_order": "29",
        "type": "1",
        "style": "3",
        "selectd": "",
        "name": "met_contact",
        "value": "",
        "defaultvalue": "",
        "valueinfo": "底部联系信息设置",
        "tips": "",
        "lang": "cn",
        "bigclass": "0",
        "sub": [
            {
                "id": "350",
                "no": "metv6",
                "pos": "0",
                "no_order": "30",
                "type": "2",
                "style": "3",
                "selectd": "",
                "name": "footinfo_tel",
                "value": "111",
                "defaultvalue": "",
                "valueinfo": "服务热线",
                "tips": "",
                "lang": "cn",
                "bigclass": "279"
            },
            {
                "id": "351",
                "no": "metv6",
                "pos": "0",
                "no_order": "31",
                "type": "2",
                "style": "3",
                "selectd": "",
                "name": "footinfo_dsc",
                "value": "wrewt",
                "defaultvalue": "",
                "valueinfo": "描述文字",
                "tips": "",
                "lang": "cn",
                "bigclass": "279"
            },
            {
                "id": "352",
                "no": "metv6",
                "pos": "0",
                "no_order": "32",
                "type": "4",
                "style": "3",
                "selectd": "$M$开启$T$1$M$关闭$T$0",
                "name": "footinfo_wx_ok",
                "value": "1",
                "defaultvalue": "1",
                "valueinfo": "微信",
                "tips": "",
                "lang": "cn",
                "bigclass": "279"
            },
            {
                "id": "353",
                "no": "metv6",
                "pos": "0",
                "no_order": "33",
                "type": "7",
                "style": "3",
                "selectd": "",
                "name": "footinfo_wx",
                "value": "..\/upload\/201801\/1515570241107588.jpg",
                "defaultvalue": "",
                "valueinfo": "微信二维码",
                "tips": "",
                "lang": "cn",
                "bigclass": "279"
            },
            {
                "id": "354",
                "no": "metv6",
                "pos": "0",
                "no_order": "34",
                "type": "4",
                "style": "3",
                "selectd": "$M$开启$T$1$M$关闭$T$0",
                "name": "footinfo_qq_ok",
                "value": "1",
                "defaultvalue": "1",
                "valueinfo": "QQ",
                "tips": "",
                "lang": "cn",
                "bigclass": "279"
            },
            {
                "id": "355",
                "no": "metv6",
                "pos": "0",
                "no_order": "35",
                "type": "4",
                "style": "3",
                "selectd": "$M$个人QQ$T$1$M$企业营销QQ$T$2",
                "name": "foot_info_qqtype",
                "value": "1",
                "defaultvalue": "1",
                "valueinfo": "QQ类型",
                "tips": "个人QQ和企业营销QQ超链接结构不一样，因此请务必选择正确。",
                "lang": "cn",
                "bigclass": "279"
            },
            {
                "id": "356",
                "no": "metv6",
                "pos": "0",
                "no_order": "36",
                "type": "2",
                "style": "3",
                "selectd": "",
                "name": "footinfo_qq",
                "value": "",
                "defaultvalue": "",
                "valueinfo": "QQ号码",
                "tips": "点击QQ链接可直接对话，需要先到 shang.qq.com 免费开通。<br\/>企业营销QQ 无需开通",
                "lang": "cn",
                "bigclass": "279"
            },
            {
                "id": "357",
                "no": "metv6",
                "pos": "0",
                "no_order": "37",
                "type": "4",
                "style": "3",
                "selectd": "$M$开启$T$1$M$关闭$T$0",
                "name": "footinfo_sina_ok",
                "value": "1",
                "defaultvalue": "1",
                "valueinfo": "新浪微博",
                "tips": "",
                "lang": "cn",
                "bigclass": "279"
            },
            {
                "id": "358",
                "no": "metv6",
                "pos": "0",
                "no_order": "38",
                "type": "2",
                "style": "3",
                "selectd": "",
                "name": "footinfo_sina",
                "value": "",
                "defaultvalue": "",
                "valueinfo": "新浪微博网址",
                "tips": "请输入微博网址",
                "lang": "cn",
                "bigclass": "279"
            },
            {
                "id": "359",
                "no": "metv6",
                "pos": "0",
                "no_order": "39",
                "type": "4",
                "style": "3",
                "selectd": "$M$开启$T$1$M$关闭$T$0",
                "name": "footinfo_twitterok",
                "value": "0",
                "defaultvalue": "0",
                "valueinfo": "twitter（推特）",
                "tips": "",
                "lang": "cn",
                "bigclass": "279"
            },
            {
                "id": "360",
                "no": "metv6",
                "pos": "0",
                "no_order": "40",
                "type": "2",
                "style": "3",
                "selectd": "",
                "name": "footinfo_twitter",
                "value": "",
                "defaultvalue": "",
                "valueinfo": "twitter网址",
                "tips": "",
                "lang": "cn",
                "bigclass": "279"
            },
            {
                "id": "361",
                "no": "metv6",
                "pos": "0",
                "no_order": "41",
                "type": "4",
                "style": "3",
                "selectd": "$M$开启$T$1$M$关闭$T$0",
                "name": "footinfo_googleok",
                "value": "0",
                "defaultvalue": "0",
                "valueinfo": "google+",
                "tips": "",
                "lang": "cn",
                "bigclass": "279"
            },
            {
                "id": "362",
                "no": "metv6",
                "pos": "0",
                "no_order": "42",
                "type": "2",
                "style": "3",
                "selectd": "",
                "name": "footinfo_google",
                "value": "",
                "defaultvalue": "",
                "valueinfo": "google+网址",
                "tips": "",
                "lang": "cn",
                "bigclass": "279"
            },
            {
                "id": "363",
                "no": "metv6",
                "pos": "0",
                "no_order": "43",
                "type": "4",
                "style": "3",
                "selectd": "$M$开启$T$1$M$关闭$T$0",
                "name": "footinfo_facebookok",
                "value": "0",
                "defaultvalue": "0",
                "valueinfo": "Facebook",
                "tips": "",
                "lang": "cn",
                "bigclass": "279"
            },
            {
                "id": "364",
                "no": "metv6",
                "pos": "0",
                "no_order": "44",
                "type": "2",
                "style": "3",
                "selectd": "",
                "name": "footinfo_facebook",
                "value": "",
                "defaultvalue": "",
                "valueinfo": "Facebook网址",
                "tips": "",
                "lang": "cn",
                "bigclass": "279"
            },
            {
                "id": "365",
                "no": "metv6",
                "pos": "0",
                "no_order": "45",
                "type": "4",
                "style": "3",
                "selectd": "$M$开启$T$1$M$关闭$T$0",
                "name": "footinfo_emailok",
                "value": "0",
                "defaultvalue": "0",
                "valueinfo": "邮箱",
                "tips": "",
                "lang": "cn",
                "bigclass": "279"
            },
            {
                "id": "366",
                "no": "metv6",
                "pos": "0",
                "no_order": "46",
                "type": "2",
                "style": "3",
                "selectd": "",
                "name": "footinfo_email",
                "value": "",
                "defaultvalue": "",
                "valueinfo": "邮箱地址",
                "tips": "",
                "lang": "cn",
                "bigclass": "279"
            }
        ]
    }
]